{"2017": 1.5023273598879798, "2016post": 1.4666676746744836, "2016pre": 1.6284783722769673, "combined": 1.5550398876599616, "2018": 1.564424954521847}