{"2017": 1.588757366057247, "2016post": 1.4504739212878879, "2016pre": 1.4369792417090859, "combined": 1.5087633271858951, "2018": 1.4799986925662314}