{"2017": 1.4816438530199783, "2016post": 1.4077891423245303, "2016pre": 1.581888601543577, "combined": 1.5253167136418366, "2018": 1.5546765151251043}