{"2017": 1.5453175635371466, "2016post": 1.3201827309886558, "2016pre": 1.6128184188661165, "combined": 1.4369238277670322, "2018": 1.3483514941429164}