{"2017": 1.458164340424952, "2016post": 1.42161480857703, "2016pre": 1.7152564919314826, "combined": 1.5758432464635823, "2018": 1.6185018608331883}