{"2017": 1.3939579302138319, "2016post": 1.184118497609479, "2016pre": 1.274087036879246, "combined": 1.3286994633359117, "2018": 1.3471689610132436}