{"2017": 1.4450972703013225, "2016post": 1.1809455194066751, "2016pre": 1.2683943697120035, "combined": 1.350101619819368, "2018": 1.3836945680383996}