{"2017": 1.4565927333675408, "2016post": 1.435091409752762, "2016pre": 1.6742776777220554, "combined": 1.5587261642347003, "2018": 1.5960705902010948}