{"2017": 1.711520758776715, "2016post": 0.7511915447931222, "2016pre": 1.3560029347224598, "combined": 1.5292093266587128, "2018": 1.59918664437667}