{"2017": 1.4872349780239602, "2016post": 1.5509511905794113, "2016pre": 1.1545312652473017, "combined": 1.577741719583824, "2018": 1.7243524652058189}