{"2017": 1.5689218296433871, "2016post": 1.2578242701241664, "2016pre": 1.2624164730481886, "combined": 1.430207922763915, "2018": 1.4460177893577584}