{"2017": 1.3870845038466146, "2016post": 1.5246621481299845, "2016pre": 1.3712522178195643, "combined": 1.40924417947572, "2018": 1.3730440937733208}