{"2017": 1.532550030101371, "2016post": 1.4316511864184245, "2016pre": 1.5672090082725203, "combined": 1.5548968538486394, "2018": 1.5877698410315597}