{"2017": 1.5382058501804101, "2016post": 1.7699722466911343, "2016pre": 1.4379968218044137, "combined": 1.518858220105452, "2018": 1.461889299084687}