{"2017": 1.254205522921624, "2016post": 1.1619535091208326, "2016pre": 1.0822206808335508, "combined": 1.2661454640191172, "2018": 1.3838576257553246}