{"2017": 1.2557122276759263, "2016post": 1.142427047119463, "2016pre": 1.1052280400576417, "combined": 1.271079401475701, "2018": 1.372265907500371}