{"2017": 1.4953236143155946, "2016post": 1.31298503228645, "2016pre": 1.1894523232752792, "combined": 1.411077760834104, "2018": 1.4395874070375014}