{"2017": 1.7832326838140806, "2016post": 1.4266780939772408, "2016pre": 1.4038354283205619, "combined": 1.6093041132244277, "2018": 1.576060431691142}