{"2017": 1.8390160526035666, "2016post": 1.2462773436096228, "2016pre": 1.4063137657885274, "combined": 1.562497984904144, "2018": 1.5655289016542753}