{"2017": 1.48638821005809, "2016post": 1.4501685211087616, "2016pre": 1.7272376721848757, "combined": 1.5942807749179524, "2018": 1.63597204185916}