{"2017": 1.3757032566691014, "2016post": 1.3321446619791122, "2016pre": 1.294754002416112, "combined": 1.3701385566754605, "2018": 1.3935528885482014}