{"2017": 1.6028196483202568, "2016post": 1.3237250392644384, "2016pre": 1.6318906595469953, "combined": 1.4661129004071665, "2018": 1.3484586446883107}