{"2017": 1.6070234212891146, "2016post": 1.325665514223493, "2016pre": 1.5447890381984961, "combined": 1.4307198395106033, "2018": 1.3166981447003725}