{"2017": 1.5415815197351095, "2016post": 1.3437176732608715, "2016pre": 1.5389607305531614, "combined": 1.4501323554289358, "2018": 1.3893110204344248}