{"2017": 1.7861323277141732, "2016post": 1.294128293093289, "2016pre": 1.5509220287562298, "combined": 1.5757438918121849, "2018": 1.5128890246880722}