{"2017": 1.5010480611954038, "2016post": 1.4559014778171853, "2016pre": 1.6196045581479093, "combined": 1.5055201986308455, "2018": 1.4460557823856814}