{"2017": 1.515184847037951, "2016post": 1.3852367950542104, "2016pre": 1.3983298431231939, "combined": 1.4763875044672043, "2018": 1.4955506686083255}