{"2017": 1.5469368331791962, "2016post": 1.275931580346134, "2016pre": 1.324875021819802, "combined": 1.3879803801656028, "2018": 1.3341271239561296}