{"2017": 1.5973791556279695, "2016post": 1.5407075907028058, "2016pre": 1.4750880891447673, "combined": 1.5481199402981038, "2018": 1.5343553134795207}