{"2017": 1.2446259702437203, "2016post": 1.1461270709309774, "2016pre": 1.0774373909511583, "combined": 1.234207251100507, "2018": 1.3036997419703744}