{"2017": 1.3805015281476156, "2016post": 1.299119866077688, "2016pre": 1.2956707032597012, "combined": 1.299432662187236, "2018": 1.2217999420067767}