{"2017": 1.8725340746871266, "2016post": 1.8854031609151374, "2016pre": 1.5616776610551837, "combined": 1.7414946295579719, "2018": 1.6290593004561484}