{"2017": 1.5099373643464218, "2016post": 1.2472866960604583, "2016pre": 1.3584714125579698, "combined": 1.444564611779351, "2018": 1.5063578369271695}