{"2017": 1.5720788324288577, "2016post": 1.2806252743634365, "2016pre": 1.3420186276408257, "combined": 1.4653308202040507, "2018": 1.4880398328032483}