{"2017": 1.386026727168048, "2016post": 1.2316651105117165, "2016pre": 1.3168803521113568, "combined": 1.3477689623783675, "2018": 1.3690480671638463}