{"2017": 1.6110146700733825, "2016post": 1.3134962901524856, "2016pre": 1.554761598707619, "combined": 1.4408892791078118, "2018": 1.3329832256798666}