{"2017": 1.5654053362370883, "2016post": 1.2452484927497378, "2016pre": 1.3754987423666223, "combined": 1.483942317591694, "2018": 1.5611312097153054}