{"2017": 1.569788052188471, "2016post": 1.7354436715982373, "2016pre": 1.49194782541684, "combined": 1.5028593698158037, "2018": 1.3737328024045607}