{"2017": 1.5810516248233664, "2016post": 1.3290422217498237, "2016pre": 1.575112537100629, "combined": 1.4433790876918968, "2018": 1.3405180855286012}