{"2017": 1.387989745076901, "2016post": 1.3020767368965054, "2016pre": 1.3202612019640734, "combined": 1.3692009187430434, "2018": 1.386735450780124}