{"2017": 1.461392197537407, "2016post": 1.311971488623588, "2016pre": 1.3369817969598303, "combined": 1.4471797392372594, "2018": 1.5198568780036763}