{"2017": 1.3254037878618, "2016post": 1.6365622772422836, "2016pre": 1.3002882638380784, "combined": 1.5563557725841344, "2018": 1.5963291225934175}