{"2017": 1.6836603560362309, "2016post": 1.3549108511184016, "2016pre": 0.9653530411827312, "combined": 1.6973405544146805, "2018": 1.852786369334439}