{"2017": 1.6106728283653162, "2016post": 1.3451876573753205, "2016pre": 1.5447890381984961, "combined": 1.4361255546807887, "2018": 1.3211708304960377}