{"2017": 1.380064898976891, "2016post": 1.2534373248257302, "2016pre": 1.262975828667091, "combined": 1.3508611251469151, "2018": 1.3879547342037992}