{"2017": 1.7926462116349855, "2016post": 1.2586955108120477, "2016pre": 1.4830006482290645, "combined": 1.5869421956312246, "2018": 1.598741076537041}