{"2017": 1.2545316247886495, "2016post": 1.1635075062003177, "2016pre": 1.0746627527498407, "combined": 1.297424300905828, "2018": 1.445970668305928}