{"2017": 1.2492160377255406, "2016post": 1.3537474591094814, "2016pre": 1.5907507377568464, "combined": 1.394494254926464, "2018": 1.4582895130524443}