{"2017": 1.5980045303341635, "2016post": 1.5159732635306593, "2016pre": 1.5296780344923155, "combined": 1.4921578285694355, "2018": 1.3939027759820344}