{"2017": 1.4325323490272013, "2016post": 1.2747305328854837, "2016pre": 1.3309118337872068, "combined": 1.3921599314961783, "2018": 1.4192520503055814}