{"2017": 1.4053437158341249, "2016post": 1.1470691977538592, "2016pre": 1.6215736875752058, "combined": 1.4497933057982757, "2018": 1.5195632494366522}