{"2017": 1.3012618211720606, "2016post": 1.1980185894038267, "2016pre": 1.1927380462917858, "combined": 1.2617771213324422, "2018": 1.2787514776186368}