{"2017": 1.5302817083872913, "2016post": 1.3122588672207438, "2016pre": 1.7591691950168726, "combined": 1.5326748746874406, "2018": 1.539693175293919}