{"2017": 1.3554613250769274, "2016post": 1.5963810937142529, "2016pre": 1.3522231330821057, "combined": 1.5263404111856687, "2018": 1.7351958388609299}