{"2017": 1.3511562552648313, "2016post": 1.2561516960533334, "2016pre": 1.2717948963961552, "combined": 1.3455853283569645, "2018": 1.3840464187220798}