{"2017": 1.4760399259759105, "2016post": 1.3015518384531106, "2016pre": 1.2483153748911593, "combined": 1.4120441174136462, "2018": 1.4581098835857842}