{"2017": 1.322425953078272, "2016post": 1.3779552020182548, "2016pre": 1.4136685702808565, "combined": 1.3938194041879657, "2018": 1.436800089387513}