{"2017": 1.554190402442518, "2016post": 1.287077705527274, "2016pre": 1.3343924167629289, "combined": 1.4621078780625771, "2018": 1.4861318458682427}