{"2017": 1.6151065996789438, "2016post": 1.3997271979257497, "2016pre": 1.4149812611838788, "combined": 1.5452639948319538, "2018": 1.5792957659460445}