{"2017": 1.3857825084604205, "2016post": 1.2530539598441954, "2016pre": 1.2510824116834682, "combined": 1.34737972924935, "2018": 1.376386655090907}