{"2017": 1.2420912126698478, "2016post": 1.2938251623679369, "2016pre": 1.038494625837494, "combined": 1.2947335756416913, "2018": 1.47103837617584}