{"2017": 1.554075835771212, "2016post": 1.3926668808734342, "2016pre": 1.3454004292856556, "combined": 1.501199174429625, "2018": 1.5439202428670729}