{"2017": 1.3938146604793762, "2016post": 1.5306039119674115, "2016pre": 1.4096740852940055, "combined": 1.4792612045844202, "2018": 1.5225987886631616}