{"2017": 1.3958151330136463, "2016post": 1.280513072819319, "2016pre": 1.2336288763088223, "combined": 1.3447070667879302, "2018": 1.3623779930555622}