{"2017": 1.7982119004910284, "2016post": 1.2958663625195144, "2016pre": 1.4605051214488467, "combined": 1.55876092637736, "2018": 1.5007971003624996}