{"2017": 1.4079691175802753, "2016post": 1.3168305058593583, "2016pre": 1.3017365279963857, "combined": 1.4777099945632315, "2018": 1.626162751425427}