{"2017": 1.5700895599080846, "2016post": 1.4050562529146327, "2016pre": 1.434766819066697, "combined": 1.5316382998757623, "2018": 1.572400127968819}