{"2017": 1.3834884672920347, "2016post": 1.250694235004047, "2016pre": 1.2655815105879973, "combined": 1.3603507672535657, "2018": 1.4059074412752335}