{"2017": 1.5465146932027183, "2016post": 1.2187388170066815, "2016pre": 1.3643044109721287, "combined": 1.4235598424797222, "2018": 1.4310403683911168}