{"2017": 1.6090307815625262, "2016post": 1.3323890195289074, "2016pre": 1.6332229093061759, "combined": 1.4871536418192723, "2018": 1.3959460331026636}