{"2017": 1.3811238467614229, "2016post": 1.2458763350908901, "2016pre": 1.248673303467622, "combined": 1.3384509950453838, "2018": 1.3687277955608848}