{"2017": 1.5360691485413436, "2016post": 1.4134227461123081, "2016pre": 1.529199286037291, "combined": 1.48124088040575, "2018": 1.4269546040189913}