{"2017": 1.8688310809284339, "2016post": 1.2912101476251885, "2016pre": 1.3928629594827306, "combined": 1.614823163067924, "2018": 1.6106054570615573}