{"2017": 1.8138727253806715, "2016post": 1.2979069257372584, "2016pre": 1.631522613674092, "combined": 1.5710086992998533, "2018": 1.465231673636391}