{"2017": 1.1804140271771315, "2016post": 1.2486267846172427, "2016pre": 1.395463333517107, "combined": 1.3131228157246218, "2018": 1.4286304991784857}