{"2017": 1.2642950104299429, "2016post": 1.2053314905130748, "2016pre": 1.2985570412932361, "combined": 1.292392739424124, "2018": 1.3505921572685493}