{"2017": 1.4775853965521846, "2016post": 1.945562473243345, "2016pre": 1.5309056821831237, "combined": 1.5032276734385563, "2018": 1.4021824655238653}