{"2017": 1.2934418187550072, "2016post": 1.3130409989917387, "2016pre": 1.2649683086245862, "combined": 1.317415117338613, "2018": 1.3435836680091369}