{"2017": 1.2740206280514423, "2016post": 1.1400247297635673, "2016pre": 1.1082488039032266, "combined": 1.2923908151633368, "2018": 1.3979699856463823}