{"2017": 1.5962982842737652, "2016post": 1.3416593677635509, "2016pre": 1.6060272515236247, "combined": 1.4701469749061897, "2018": 1.372492925256193}