{"2017": 1.7177099021439068, "2016post": 1.0009742558456827, "2016pre": 1.4679305616081433, "combined": 1.5401971701626516, "2018": 1.568863898467611}