{"2017": 1.3231917002960427, "2016post": 1.2021305381325174, "2016pre": 1.2431023943414208, "combined": 1.2971757929823884, "2018": 1.3351904869413378}