{"2017": 1.646491991622506, "2016post": 1.2842292973207394, "2016pre": 1.624899298163145, "combined": 1.4790619963931637, "2018": 1.3926266137702408}