{"2017": 1.4946289306712, "2016post": 1.2524911410383104, "2016pre": 1.3553041282871285, "combined": 1.3998093527262434, "2018": 1.3974745439980572}