{"2017": 1.3662510123528295, "2016post": 1.243128878425293, "2016pre": 1.223462111464406, "combined": 1.3418460262747431, "2018": 1.381824216888295}