{"2017": 1.4743663778269354, "2016post": 1.510144078682659, "2016pre": 1.2657168889426056, "combined": 1.5204679039286282, "2018": 1.6145392873003008}