{"2017": 1.4914077488629445, "2016post": 1.4132641998339572, "2016pre": 1.753989582704596, "combined": 1.520368956077096, "2018": 1.4519729812889028}