{"2017": 1.6206802052511906, "2016post": 1.324864468062717, "2016pre": 1.5447890381984961, "combined": 1.4488018787983823, "2018": 1.3121939889580967}