{"2017": 1.5995873510147496, "2016post": 1.3401610593606252, "2016pre": 1.5807407810745742, "combined": 1.4348457754937218, "2018": 1.3013030917510047}