{"2017": 1.8101624920672073, "2016post": 1.4168870605892072, "2016pre": 1.7161406510507209, "combined": 1.6064192696378745, "2018": 1.4777301522856385}