{"2017": 1.5284837257095578, "2016post": 1.294006533636009, "2016pre": 1.3530736300033925, "combined": 1.4554665607428579, "2018": 1.4979296935158013}