{"2017": 1.3369222363512998, "2016post": 1.4202838118509375, "2016pre": 1.304170822796678, "combined": 1.477586445270398, "2018": 1.6379520383083477}