{"2017": 1.3023549474535072, "2016post": 1.1955184305020183, "2016pre": 1.164297308424868, "combined": 1.256017068017439, "2018": 1.2771248692790829}