{"2017": 1.5398594056163497, "2016post": 1.508387727887004, "2016pre": 1.479794948415178, "combined": 1.5835909702901811, "2018": 1.6633911378911477}