{"2017": 1.2623730224692733, "2016post": 1.1366366696525874, "2016pre": 1.089566455245797, "combined": 1.2471253383003433, "2018": 1.322082316713029}