{"2017": 1.451940899190126, "2016post": 1.2693622433623213, "2016pre": 1.3647479120693082, "combined": 1.4039688760611877, "2018": 1.4195862005282112}