{"2017": 1.5322683794723824, "2016post": 1.6366021511109266, "2016pre": 1.3096865759881895, "combined": 1.4522466314023017, "2018": 1.4056995650051771}