{"2017": 1.5177734597628119, "2016post": 2.1121592429447076, "2016pre": 1.615834662340506, "combined": 1.4473988729489786, "2018": 1.2848597205733587}