{"2017": 1.506804532213018, "2016post": 1.4478380018550479, "2016pre": 1.5735431932724067, "combined": 1.5627156622099334, "2018": 1.6150719299806553}