{"2017": 1.498212301108795, "2016post": 1.1291047491379453, "2016pre": 1.3090940013795456, "combined": 1.3436019529088479, "2018": 1.29104149276966}