{"2017": 1.5384631902434498, "2016post": 1.481703858910048, "2016pre": 1.5815571092740728, "combined": 1.6033514335975632, "2018": 1.679346254253491}