{"2017": 1.6594489379970991, "2016post": 1.4539553937384597, "2016pre": 1.3448383155168444, "combined": 1.547463601080354, "2018": 1.557273979785311}