{"2017": 1.3179166172262193, "2016post": 1.3801033861662044, "2016pre": 1.2650103763402158, "combined": 1.351640450596085, "2018": 1.3825370432453559}