{"2017": 1.3389960809002743, "2016post": 1.2590891175888579, "2016pre": 1.4170867563558953, "combined": 1.343701918313092, "2018": 1.3322617526033356}