{"2017": 1.9107788104323795, "2016post": 1.1009686962236638, "2016pre": 1.4498150166706505, "combined": 1.7122143379493633, "2018": 2.0274191912302544}