{"2017": 1.3106142161802996, "2016post": 1.1913233949955158, "2016pre": 1.1006176376225385, "combined": 1.3338928980976106, "2018": 1.4526582405588844}