{"2017": 1.4569589673984398, "2016post": 1.3366757229705764, "2016pre": 1.2283020059503242, "combined": 1.3827333254553344, "2018": 1.3813121904329075}