{"2017": 1.5077079629828618, "2016post": 1.523626968129489, "2016pre": 1.5799788697767574, "combined": 1.6022924490129196, "2018": 1.6780589256547913}