{"2017": 1.7975884965072282, "2016post": 1.418109647964256, "2016pre": 1.5805195994957024, "combined": 1.6129495230741744, "2018": 1.5415449407120905}