{"2017": 1.4161661473403446, "2016post": 1.609793958083454, "2016pre": 1.387637089874294, "combined": 1.4714417226820684, "2018": 1.498398720080786}