{"2017": 1.421111662305827, "2016post": 1.2319261805811794, "2016pre": 1.344572206463644, "combined": 1.361906061684678, "2018": 1.3739993674473763}