{"2017": 1.4721499462340835, "2016post": 1.3098582326306292, "2016pre": 1.1675516840271543, "combined": 1.3884809460624064, "2018": 1.4270560022801135}