{"2017": 1.5284931143833114, "2016post": 1.3449785650726982, "2016pre": 1.3438117860364847, "combined": 1.4668272646865277, "2018": 1.51129161421295}