{"2017": 1.4585720095641044, "2016post": 1.4132641998339572, "2016pre": 1.7152564919314826, "combined": 1.566081465748059, "2018": 1.5969216792635619}