{"2017": 1.7073785762846934, "2016post": 1.4325318895941666, "2016pre": 1.6024252042610538, "combined": 1.60068666322416, "2018": 1.554234460368219}