{"2017": 1.5884545678702038, "2016post": 1.4436950020635755, "2016pre": 1.5105152508610307, "combined": 1.49945110473311, "2018": 1.4485237202846262}