{"2017": 1.7406245292581075, "2016post": 1.9184616432182595, "2016pre": 1.6248147159262647, "combined": 1.5672983182893345, "2018": 1.3554926145188424}