{"2017": 1.3986579846341702, "2016post": 1.268036830421012, "2016pre": 1.2121067313771303, "combined": 1.3407116844926013, "2018": 1.3654391571521847}