{"2017": 1.2363381866407952, "2016post": 1.270995137570392, "2016pre": 1.3442388647934718, "combined": 1.340959119590503, "2018": 1.4624682513057852}