{"2017": 1.3719828439667985, "2016post": 1.2418693298635277, "2016pre": 1.217697749630158, "combined": 1.3342947181556808, "2018": 1.3709212790573513}