{"2017": 1.2859598076244534, "2016post": 1.1615891418249347, "2016pre": 1.1084034449186095, "combined": 1.2808154033844779, "2018": 1.3713524961909929}