{"2017": 1.3194529070100884, "2016post": 1.2434857063578297, "2016pre": 1.3221635090042176, "combined": 1.2981281298392755, "2018": 1.2923857036517383}