{"2017": 1.4935058190725696, "2016post": 1.2077086927452638, "2016pre": 1.4281612878266066, "combined": 1.4603086981481443, "2018": 1.5086607273368673}