{"2017": 1.5377042593349464, "2016post": 1.4124434973139237, "2016pre": 1.9491054897718139, "combined": 1.614459982511171, "2018": 1.6193856010046959}