{"2017": 1.5183242872069276, "2016post": 1.338530264258855, "2016pre": 1.6139364051392753, "combined": 1.4608254381968695, "2018": 1.3971578439694963}