{"2017": 1.5302879419464834, "2016post": 1.4066022095969, "2016pre": 1.5545440492164637, "combined": 1.4594515722267674, "2018": 1.3849523942641726}