{"2017": 1.5653707738337679, "2016post": 1.4917434987339073, "2016pre": 1.5797945999112573, "combined": 1.6099984942454844, "2018": 1.6678373309966352}