{"2017": 1.4987153815087244, "2016post": 1.4203216896103086, "2016pre": 1.5635641337191322, "combined": 1.4690451672064957, "2018": 1.3981366359449223}