{"2017": 1.486503403138399, "2016post": 1.2336310316167347, "2016pre": 1.3350364997278696, "combined": 1.3582029980549883, "2018": 1.3081035572156672}