{"2017": 1.3193954438201918, "2016post": 1.1580378196236576, "2016pre": 1.0358335427526613, "combined": 1.2904882266989184, "2018": 1.3886530868002167}