{"2017": 1.741077908974977, "2016post": 0.7795040086015583, "2016pre": 1.5563339277572479, "combined": 1.6213017108439847, "2018": 1.6981328498026196}