{"2017": 1.5509210910877482, "2016post": 1.773509147970068, "2016pre": 1.297444248638959, "combined": 1.473896009495087, "2018": 1.3889406434415776}