{"2017": 1.7981420204693879, "2016post": 1.2804337392395728, "2016pre": 1.4151726845545611, "combined": 1.6095257965029208, "2018": 1.6318811695076327}