{"2017": 1.2493077944475892, "2016post": 1.173652530335638, "2016pre": 1.0709701279309167, "combined": 1.2482247880199246, "2018": 1.3245816061805358}