{"2017": 1.7093258772533626, "2016post": 1.4467472299742683, "2016pre": 1.5706122570855252, "combined": 1.587614794297215, "2018": 1.5280007741641142}