{"2017": 1.4632210860708552, "2016post": 1.1554003792801042, "2016pre": 1.6778122996794789, "combined": 1.5202319068976742, "2018": 1.6056149311450894}