{"2017": 1.5226203059074461, "2016post": 1.5273196177346313, "2016pre": 1.5647218066882034, "combined": 1.5855249815770092, "2018": 1.6363628377351496}