{"2017": 1.471598993664245, "2016post": 1.2193118674757257, "2016pre": 1.3084963503169784, "combined": 1.3821560008689027, "2018": 1.403561001156617}