{"2017": 1.6083567938841925, "2016post": 1.3377029543386294, "2016pre": 1.653792368072184, "combined": 1.4718291290368541, "2018": 1.3464387079555242}