{"2017": 1.5042350671748617, "2016post": 1.4909805932808746, "2016pre": 1.7159321911963914, "combined": 1.598203419287571, "2018": 1.622005270995548}