{"2017": 1.2088877166540002, "2016post": 1.1371067583502046, "2016pre": 1.1107056243807625, "combined": 1.2424850843982411, "2018": 1.3432408558794797}