{"2017": 1.420665462391721, "2016post": 1.315532963345104, "2016pre": 1.5483741050409416, "combined": 1.3903378708958332, "2018": 1.3405890952670387}