{"2017": 1.3060509184275035, "2016post": 1.36306888261229, "2016pre": 1.345570453617241, "combined": 1.3222829378059746, "2018": 1.281240170250972}