{"2017": 2.0635368576056132, "2016post": 0.9958096082835527, "2016pre": 1.6163799175870823, "combined": 1.5790995646081663, "2018": 1.5306637499154663}