{"2017": 1.4795016449634093, "2016post": 1.370965981370688, "2016pre": 1.4220271973049594, "combined": 1.466892011716508, "2018": 1.5060247017935557}